date,oktmo,pasta,legumes,bread,flour,rice,groats,potatoes,сucumbers_tomatoes,vegetables,roots,сabbage,fruit,sugar,candy,biscuits,mutton,beef,chicken,pork,fish,herring,curd,sour_creame,butter,milk_kefir,cheese,egg,margarine,oil,salt,spice,tea,pasta_zero,pasta_mean,pasta_ffill,pasta_interpolate,legumes_zero,legumes_mean,legumes_ffill,legumes_interpolate,bread_zero,bread_mean,bread_ffill,bread_interpolate,flour_zero,flour_mean,flour_ffill,flour_interpolate,rice_zero,rice_mean,rice_ffill,rice_interpolate,groats_zero,groats_mean,groats_ffill,groats_interpolate,potatoes_zero,potatoes_mean,potatoes_ffill,potatoes_interpolate,сucumbers_tomatoes_zero,сucumbers_tomatoes_mean,сucumbers_tomatoes_ffill,сucumbers_tomatoes_interpolate,vegetables_zero,vegetables_mean,vegetables_ffill,vegetables_interpolate,roots_zero,roots_mean,roots_ffill,roots_interpolate,сabbage_zero,сabbage_mean,сabbage_ffill,сabbage_interpolate,fruit_zero,fruit_mean,fruit_ffill,fruit_interpolate,sugar_zero,sugar_mean,sugar_ffill,sugar_interpolate,candy_zero,candy_mean,candy_ffill,candy_interpolate,biscuits_zero,biscuits_mean,biscuits_ffill,biscuits_interpolate,mutton_zero,mutton_mean,mutton_ffill,mutton_interpolate,beef_zero,beef_mean,beef_ffill,beef_interpolate,chicken_zero,chicken_mean,chicken_ffill,chicken_interpolate,pork_zero,pork_mean,pork_ffill,pork_interpolate,fish_zero,fish_mean,fish_ffill,fish_interpolate,herring_zero,herring_mean,herring_ffill,herring_interpolate,curd_zero,curd_mean,curd_ffill,curd_interpolate,sour_creame_zero,sour_creame_mean,sour_creame_ffill,sour_creame_interpolate,butter_zero,butter_mean,butter_ffill,butter_interpolate,milk_kefir_zero,milk_kefir_mean,milk_kefir_ffill,milk_kefir_interpolate,cheese_zero,cheese_mean,cheese_ffill,cheese_interpolate,egg_zero,egg_mean,egg_ffill,egg_interpolate,margarine_zero,margarine_mean,margarine_ffill,margarine_interpolate,oil_zero,oil_mean,oil_ffill,oil_interpolate,salt_zero,salt_mean,salt_ffill,salt_interpolate,spice_zero,spice_mean,spice_ffill,spice_interpolate,tea_zero,tea_mean,tea_ffill,tea_interpolate
2019-01-31,99000000000.0,57.263225806451615,95.77870967741936,70.87870967741937,29.895333333333333,55.910999999999994,32.48096774193548,27.04548387096774,150.62032258064514,27.68064516129032,55.016774193548386,33.08,108.2709677419355,49.637741935483874,313.408064516129,199.64645161290323,,388.02555555555557,183.79032258064515,301.432,,196.80161290322582,369.9458064516129,215.3293548387097,579.1903225806452,64.33129032258064,442.5787096774194,5.742580645161291,134.23586206896553,81.22612903225807,17.363999999999997,29.5458064516129,71.81645161290322,57.263225806451615,57.263225806451615,57.263225806451615,57.263225806451615,95.77870967741936,95.77870967741936,95.77870967741936,95.77870967741936,70.87870967741937,70.87870967741937,70.87870967741937,70.87870967741937,28.930967741935483,30.051987474890698,29.895333333333333,29.895333333333333,54.107419354838704,56.07468509984639,55.910999999999994,55.910999999999994,32.48096774193548,32.48096774193548,32.48096774193548,32.48096774193548,27.04548387096774,27.04548387096774,27.04548387096774,27.04548387096774,150.62032258064514,150.62032258064514,150.62032258064514,150.62032258064514,27.68064516129032,27.68064516129032,27.68064516129032,27.68064516129032,55.016774193548386,55.016774193548386,55.016774193548386,55.016774193548386,32.012903225806454,33.31157386229197,33.08,33.08,108.2709677419355,108.2709677419355,108.2709677419355,108.2709677419355,49.637741935483874,49.637741935483874,49.637741935483874,49.637741935483874,313.408064516129,313.408064516129,313.408064516129,313.408064516129,199.64645161290323,199.64645161290323,199.64645161290323,199.64645161290323,0.0,299.755,,,225.3051612903226,374.4862176752866,387.64592592592595,382.9115432098766,183.79032258064515,183.79032258064515,183.79032258064515,183.79032258064515,291.70838709677423,300.55129150419475,301.432,301.432,0.0,428.01050000000004,,,196.80161290322582,196.80161290322582,196.80161290322582,196.80161290322582,369.9458064516129,369.9458064516129,369.9458064516129,369.9458064516129,215.3293548387097,215.3293548387097,215.3293548387097,215.3293548387097,579.1903225806452,579.1903225806452,579.1903225806452,579.1903225806452,64.33129032258064,64.33129032258064,64.33129032258064,64.33129032258064,442.5787096774194,442.5787096774194,442.5787096774194,442.5787096774194,5.742580645161291,5.742580645161291,5.742580645161291,5.742580645161291,125.57548387096774,134.56231894199146,134.23586206896553,134.23586206896553,81.22612903225807,81.22612903225807,81.22612903225807,81.22612903225807,16.803870967741933,17.443071236559142,17.363999999999997,17.363999999999997,29.5458064516129,29.5458064516129,29.5458064516129,29.5458064516129,71.81645161290322,71.81645161290322,71.81645161290322,71.81645161290322
2019-02-28,99000000000.0,57.10785714285714,104.56821428571428,71.23357142857142,30.817857142857143,55.098571428571425,32.14392857142857,28.610357142857143,168.0442857142857,30.58892857142857,57.864285714285714,39.842499999999994,115.85714285714286,49.471785714285716,304.68642857142856,191.46892857142856,,428.6869230769231,185.02142857142857,291.73,,205.11392857142854,372.55249999999995,215.74392857142857,577.11,63.887499999999996,461.5210714285714,5.205357142857143,129.48962962962963,79.74464285714285,18.490000000000002,29.4925,76.12571428571428,57.10785714285714,57.10785714285714,57.10785714285714,57.10785714285714,104.56821428571428,104.56821428571428,104.56821428571428,104.56821428571428,71.23357142857142,71.23357142857142,71.23357142857142,71.23357142857142,30.817857142857143,30.817857142857143,30.817857142857143,30.817857142857143,55.098571428571425,55.098571428571425,55.098571428571425,55.098571428571425,32.14392857142857,32.14392857142857,32.14392857142857,32.14392857142857,28.610357142857143,28.610357142857143,28.610357142857143,28.610357142857143,168.0442857142857,168.0442857142857,168.0442857142857,168.0442857142857,30.58892857142857,30.58892857142857,30.58892857142857,30.58892857142857,57.864285714285714,57.864285714285714,57.864285714285714,57.864285714285714,39.842499999999994,39.842499999999994,39.842499999999994,39.842499999999994,115.85714285714286,115.85714285714286,115.85714285714286,115.85714285714286,49.471785714285716,49.471785714285716,49.471785714285716,49.471785714285716,304.68642857142856,304.68642857142856,304.68642857142856,304.68642857142856,191.46892857142856,191.46892857142856,191.46892857142856,191.46892857142856,0.0,299.755,,,199.0332142857143,389.60791543683587,426.33035714285717,425.9840476190476,185.02142857142857,185.02142857142857,185.02142857142857,185.02142857142857,291.73,291.73,291.73,291.73,0.0,428.01050000000004,,,205.11392857142854,205.11392857142854,205.11392857142854,205.11392857142854,372.55249999999995,372.55249999999995,372.55249999999995,372.55249999999995,215.74392857142857,215.74392857142857,215.74392857142857,215.74392857142857,577.11,577.11,577.11,577.11,63.887499999999996,63.887499999999996,63.887499999999996,63.887499999999996,461.5210714285714,461.5210714285714,461.5210714285714,461.5210714285714,5.205357142857143,5.205357142857143,5.205357142857143,5.205357142857143,124.86500000000001,129.8398551286024,129.22785714285715,129.38767857142858,79.74464285714285,79.74464285714285,79.74464285714285,79.74464285714285,18.490000000000002,18.490000000000002,18.490000000000002,18.490000000000002,29.4925,29.4925,29.4925,29.4925,76.12571428571428,76.12571428571428,76.12571428571428,76.12571428571428
2019-03-31,99000000000.0,60.31193548387097,101.06483870967743,73.38387096774194,31.445806451612903,55.619032258064514,34.148709677419355,28.876129032258063,145.9516129032258,31.793870967741935,57.5116129032258,43.78032258064516,118.56451612903226,49.30129032258064,309.578064516129,194.87129032258065,,394.5236,185.68516129032258,294.85483870967744,,204.83645161290323,370.9816129032258,215.18064516129033,544.2235483870968,63.567741935483866,478.59032258064514,5.047096774193549,122.14349999999999,80.30870967741936,18.143870967741936,29.899354838709677,72.84612903225806,60.31193548387097,60.31193548387097,60.31193548387097,60.31193548387097,101.06483870967743,101.06483870967743,101.06483870967743,101.06483870967743,73.38387096774194,73.38387096774194,73.38387096774194,73.38387096774194,31.445806451612903,31.445806451612903,31.445806451612903,31.445806451612903,55.619032258064514,55.619032258064514,55.619032258064514,55.619032258064514,34.148709677419355,34.148709677419355,34.148709677419355,34.148709677419355,28.876129032258063,28.876129032258063,28.876129032258063,28.876129032258063,145.9516129032258,145.9516129032258,145.9516129032258,145.9516129032258,31.793870967741935,31.793870967741935,31.793870967741935,31.793870967741935,57.5116129032258,57.5116129032258,57.5116129032258,57.5116129032258,43.78032258064516,43.78032258064516,43.78032258064516,43.78032258064516,118.56451612903226,118.56451612903226,118.56451612903226,118.56451612903226,49.30129032258064,49.30129032258064,49.30129032258064,49.30129032258064,309.578064516129,309.578064516129,309.578064516129,309.578064516129,194.87129032258065,194.87129032258065,194.87129032258065,194.87129032258065,0.0,299.755,,,318.1641935483871,387.01698880298585,398.80258064516124,400.1964516129032,185.68516129032258,185.68516129032258,185.68516129032258,185.68516129032258,294.85483870967744,294.85483870967744,294.85483870967744,294.85483870967744,0.0,428.01050000000004,,,204.83645161290323,204.83645161290323,204.83645161290323,204.83645161290323,370.9816129032258,370.9816129032258,370.9816129032258,370.9816129032258,215.18064516129033,215.18064516129033,215.18064516129033,215.18064516129033,544.2235483870968,544.2235483870968,544.2235483870968,544.2235483870968,63.567741935483866,63.567741935483866,63.567741935483866,63.567741935483866,478.59032258064514,478.59032258064514,478.59032258064514,478.59032258064514,5.047096774193549,5.047096774193549,5.047096774193549,5.047096774193549,78.80225806451612,128.2298509551466,122.21064516129033,121.69983870967742,80.30870967741936,80.30870967741936,80.30870967741936,80.30870967741936,18.143870967741936,18.143870967741936,18.143870967741936,18.143870967741936,29.899354838709677,29.899354838709677,29.899354838709677,29.899354838709677,72.84612903225806,72.84612903225806,72.84612903225806,72.84612903225806
2019-04-30,99000000000.0,61.54233333333333,106.67533333333333,72.55,31.759333333333334,56.092,34.35133333333333,31.188333333333333,142.54500000000002,36.135999999999996,62.24533333333333,47.66166666666666,121.63000000000001,48.176,263.53433333333334,195.82766666666666,,399.2361538461538,184.98066666666668,294.08233333333334,,204.48999999999998,373.13100000000003,217.4633333333333,598.196,63.83833333333334,479.64233333333334,5.006,118.12333333333332,80.29933333333334,18.242666666666665,29.58833333333333,75.62866666666667,61.54233333333333,61.54233333333333,61.54233333333333,61.54233333333333,106.67533333333333,106.67533333333333,106.67533333333333,106.67533333333333,72.55,72.55,72.55,72.55,31.759333333333334,31.759333333333334,31.759333333333334,31.759333333333334,56.092,56.092,56.092,56.092,34.35133333333333,34.35133333333333,34.35133333333333,34.35133333333333,31.188333333333333,31.188333333333333,31.188333333333333,31.188333333333333,142.54500000000002,142.54500000000002,142.54500000000002,142.54500000000002,36.135999999999996,36.135999999999996,36.135999999999996,36.135999999999996,62.24533333333333,62.24533333333333,62.24533333333333,62.24533333333333,47.66166666666666,47.66166666666666,47.66166666666666,47.66166666666666,121.63000000000001,121.63000000000001,121.63000000000001,121.63000000000001,48.176,48.176,48.176,48.176,263.53433333333334,263.53433333333334,263.53433333333334,263.53433333333334,195.82766666666666,195.82766666666666,195.82766666666666,195.82766666666666,0.0,299.755,,,346.00466666666665,393.4365922865014,400.44533333333334,400.616,184.98066666666668,184.98066666666668,184.98066666666668,184.98066666666668,294.08233333333334,294.08233333333334,294.08233333333334,294.08233333333334,0.0,428.01050000000004,,,204.48999999999998,204.48999999999998,204.48999999999998,204.48999999999998,373.13100000000003,373.13100000000003,373.13100000000003,373.13100000000003,217.4633333333333,217.4633333333333,217.4633333333333,217.4633333333333,598.196,598.196,598.196,598.196,63.83833333333334,63.83833333333334,63.83833333333334,63.83833333333334,479.64233333333334,479.64233333333334,479.64233333333334,479.64233333333334,5.006,5.006,5.006,5.006,70.874,126.59237744034706,117.45100000000001,118.72109999999999,80.29933333333334,80.29933333333334,80.29933333333334,80.29933333333334,18.242666666666665,18.242666666666665,18.242666666666665,18.242666666666665,29.58833333333333,29.58833333333333,29.58833333333333,29.58833333333333,75.62866666666667,75.62866666666667,75.62866666666667,75.62866666666667
2019-05-31,99000000000.0,64.54354838709678,98.20096774193549,71.8458064516129,32.236451612903224,56.93838709677419,34.608709677419355,32.28225806451613,118.95612903225806,44.67322580645161,63.88161290322581,47.65806451612904,119.75483870967743,49.04064516129032,259.45451612903224,188.31,,421.511,180.07032258064518,281.06612903225806,,215.72838709677418,370.32645161290327,216.31258064516132,621.7183870967742,64.1116129032258,466.4074193548387,4.904516129032258,113.88846153846154,80.3358064516129,17.860967741935486,30.41774193548387,71.25483870967743,64.54354838709678,64.54354838709678,64.54354838709678,64.54354838709678,98.20096774193549,98.20096774193549,98.20096774193549,98.20096774193549,71.8458064516129,71.8458064516129,71.8458064516129,71.8458064516129,32.236451612903224,32.236451612903224,32.236451612903224,32.236451612903224,56.93838709677419,56.93838709677419,56.93838709677419,56.93838709677419,34.608709677419355,34.608709677419355,34.608709677419355,34.608709677419355,32.28225806451613,32.28225806451613,32.28225806451613,32.28225806451613,118.95612903225806,118.95612903225806,118.95612903225806,118.95612903225806,44.67322580645161,44.67322580645161,44.67322580645161,44.67322580645161,63.88161290322581,63.88161290322581,63.88161290322581,63.88161290322581,47.65806451612904,47.65806451612904,47.65806451612904,47.65806451612904,119.75483870967743,119.75483870967743,119.75483870967743,119.75483870967743,49.04064516129032,49.04064516129032,49.04064516129032,49.04064516129032,259.45451612903224,259.45451612903224,259.45451612903224,259.45451612903224,188.31,188.31,188.31,188.31,0.0,299.755,,,407.91387096774196,419.38933684350843,421.5458064516129,421.64516129032256,180.07032258064518,180.07032258064518,180.07032258064518,180.07032258064518,281.06612903225806,281.06612903225806,281.06612903225806,281.06612903225806,0.0,428.01050000000004,,,215.72838709677418,215.72838709677418,215.72838709677418,215.72838709677418,370.32645161290327,370.32645161290327,370.32645161290327,370.32645161290327,216.31258064516132,216.31258064516132,216.31258064516132,216.31258064516132,621.7183870967742,621.7183870967742,621.7183870967742,621.7183870967742,64.1116129032258,64.1116129032258,64.1116129032258,64.1116129032258,466.4074193548387,466.4074193548387,466.4074193548387,466.4074193548387,4.904516129032258,4.904516129032258,4.904516129032258,4.904516129032258,47.75967741935484,128.64119305856832,116.84774193548388,117.462,80.3358064516129,80.3358064516129,80.3358064516129,80.3358064516129,17.860967741935486,17.860967741935486,17.860967741935486,17.860967741935486,30.41774193548387,30.41774193548387,30.41774193548387,30.41774193548387,71.25483870967743,71.25483870967743,71.25483870967743,71.25483870967743
2019-06-30,99000000000.0,63.349666666666664,96.37899999999999,71.51366666666667,33.178666666666665,53.882333333333335,34.14,45.98833333333334,77.77766666666666,41.29266666666667,56.702999999999996,39.522000000000006,110.02333333333333,47.400666666666666,266.24399999999997,193.417,,433.8961538461538,181.852,276.6293333333333,,209.56833333333333,370.3636666666667,221.72866666666667,629.9026666666666,64.06866666666666,483.656,4.734,122.88125,80.286,17.793666666666663,30.163999999999998,67.74133333333333,63.349666666666664,63.349666666666664,63.349666666666664,63.349666666666664,96.37899999999999,96.37899999999999,96.37899999999999,96.37899999999999,71.51366666666667,71.51366666666667,71.51366666666667,71.51366666666667,33.178666666666665,33.178666666666665,33.178666666666665,33.178666666666665,53.882333333333335,53.882333333333335,53.882333333333335,53.882333333333335,34.14,34.14,34.14,34.14,45.98833333333334,45.98833333333334,45.98833333333334,45.98833333333334,77.77766666666666,77.77766666666666,77.77766666666666,77.77766666666666,41.29266666666667,41.29266666666667,41.29266666666667,41.29266666666667,56.702999999999996,56.702999999999996,56.702999999999996,56.702999999999996,39.522000000000006,39.522000000000006,39.522000000000006,39.522000000000006,110.02333333333333,110.02333333333333,110.02333333333333,110.02333333333333,47.400666666666666,47.400666666666666,47.400666666666666,47.400666666666666,266.24399999999997,266.24399999999997,266.24399999999997,266.24399999999997,193.417,193.417,193.417,193.417,0.0,299.755,,,376.0433333333333,423.47525895316807,435.237,435.01433333333335,181.852,181.852,181.852,181.852,276.6293333333333,276.6293333333333,276.6293333333333,276.6293333333333,0.0,428.01050000000004,,,209.56833333333333,209.56833333333333,209.56833333333333,209.56833333333333,370.3636666666667,370.3636666666667,370.3636666666667,370.3636666666667,221.72866666666667,221.72866666666667,221.72866666666667,221.72866666666667,629.9026666666666,629.9026666666666,629.9026666666666,629.9026666666666,64.06866666666666,64.06866666666666,64.06866666666666,64.06866666666666,483.656,483.656,483.656,483.656,4.734,4.734,4.734,4.734,65.53666666666666,130.54144034707159,122.73166666666665,122.4755,80.286,80.286,80.286,80.286,17.793666666666663,17.793666666666663,17.793666666666663,17.793666666666663,30.163999999999998,30.163999999999998,30.163999999999998,30.163999999999998,67.74133333333333,67.74133333333333,67.74133333333333,67.74133333333333
2019-07-31,99000000000.0,63.32096774193548,96.74935483870968,71.78645161290324,32.614838709677414,57.62516129032257,32.670967741935485,35.384838709677425,59.38967741935484,40.81806451612903,48.61096774193548,29.878387096774194,97.90645161290323,43.73548387096774,283.1448387096774,192.95387096774192,,428.32,187.68806451612903,258.3864516129032,162.82,198.32064516129034,369.95354838709676,223.88806451612902,661.5538709677419,64.47645161290322,482.87548387096774,4.4796774193548385,127.9278947368421,76.39903225806451,18.387096774193548,28.34774193548387,74.21612903225805,63.32096774193548,63.32096774193548,63.32096774193548,63.32096774193548,96.74935483870968,96.74935483870968,96.74935483870968,96.74935483870968,71.78645161290324,71.78645161290324,71.78645161290324,71.78645161290324,32.614838709677414,32.614838709677414,32.614838709677414,32.614838709677414,57.62516129032257,57.62516129032257,57.62516129032257,57.62516129032257,32.670967741935485,32.670967741935485,32.670967741935485,32.670967741935485,35.384838709677425,35.384838709677425,35.384838709677425,35.384838709677425,59.38967741935484,59.38967741935484,59.38967741935484,59.38967741935484,40.81806451612903,40.81806451612903,40.81806451612903,40.81806451612903,48.61096774193548,48.61096774193548,48.61096774193548,48.61096774193548,29.878387096774194,29.878387096774194,29.878387096774194,29.878387096774194,97.90645161290323,97.90645161290323,97.90645161290323,97.90645161290323,43.73548387096774,43.73548387096774,43.73548387096774,43.73548387096774,283.1448387096774,283.1448387096774,283.1448387096774,283.1448387096774,192.95387096774192,192.95387096774192,192.95387096774192,192.95387096774192,0.0,299.755,,,359.2361290322581,416.61345841109033,430.8803225806452,428.2395161290322,187.68806451612903,187.68806451612903,187.68806451612903,187.68806451612903,258.3864516129032,258.3864516129032,258.3864516129032,258.3864516129032,21.009032258064515,393.79237096774193,166.56923076923078,166.42126722987996,198.32064516129034,198.32064516129034,198.32064516129034,198.32064516129034,369.95354838709676,369.95354838709676,369.95354838709676,369.95354838709676,223.88806451612902,223.88806451612902,223.88806451612902,223.88806451612902,661.5538709677419,661.5538709677419,661.5538709677419,661.5538709677419,64.47645161290322,64.47645161290322,64.47645161290322,64.47645161290322,482.87548387096774,482.87548387096774,482.87548387096774,482.87548387096774,4.4796774193548385,4.4796774193548385,4.4796774193548385,4.4796774193548385,78.40741935483871,132.32842978098105,128.37225806451613,128.2598387096774,76.39903225806451,76.39903225806451,76.39903225806451,76.39903225806451,18.387096774193548,18.387096774193548,18.387096774193548,18.387096774193548,28.34774193548387,28.34774193548387,28.34774193548387,28.34774193548387,74.21612903225805,74.21612903225805,74.21612903225805,74.21612903225805
2019-08-31,99000000000.0,66.93774193548387,93.65612903225806,72.34290322580645,33.266129032258064,56.354193548387094,35.70709677419355,38.45193548387097,77.3141935483871,40.01903225806451,49.611935483870965,28.38516129032258,102.03870967741935,41.994516129032256,315.47193548387094,198.18516129032258,,370.89185185185187,185.79516129032257,273.2732258064516,,209.47354838709677,379.46774193548384,230.54741935483872,676.9848387096774,68.16935483870968,496.7658064516129,4.57774193548387,131.74347826086955,78.50032258064518,18.638387096774192,30.52258064516129,68.54709677419355,66.93774193548387,66.93774193548387,66.93774193548387,66.93774193548387,93.65612903225806,93.65612903225806,93.65612903225806,93.65612903225806,72.34290322580645,72.34290322580645,72.34290322580645,72.34290322580645,33.266129032258064,33.266129032258064,33.266129032258064,33.266129032258064,56.354193548387094,56.354193548387094,56.354193548387094,56.354193548387094,35.70709677419355,35.70709677419355,35.70709677419355,35.70709677419355,38.45193548387097,38.45193548387097,38.45193548387097,38.45193548387097,77.3141935483871,77.3141935483871,77.3141935483871,77.3141935483871,40.01903225806451,40.01903225806451,40.01903225806451,40.01903225806451,49.611935483870965,49.611935483870965,49.611935483870965,49.611935483870965,28.38516129032258,28.38516129032258,28.38516129032258,28.38516129032258,102.03870967741935,102.03870967741935,102.03870967741935,102.03870967741935,41.994516129032256,41.994516129032256,41.994516129032256,41.994516129032256,315.47193548387094,315.47193548387094,315.47193548387094,315.47193548387094,198.18516129032258,198.18516129032258,198.18516129032258,198.18516129032258,0.0,299.755,,,323.03483870967744,368.9367022127432,377.83096774193547,374.89290322580644,185.79516129032257,185.79516129032257,185.79516129032257,185.79516129032257,273.2732258064516,273.2732258064516,273.2732258064516,273.2732258064516,0.0,428.01050000000004,167.48,178.28306358381502,209.47354838709677,209.47354838709677,209.47354838709677,209.47354838709677,379.46774193548384,379.46774193548384,379.46774193548384,379.46774193548384,230.54741935483872,230.54741935483872,230.54741935483872,230.54741935483872,676.9848387096774,676.9848387096774,676.9848387096774,676.9848387096774,68.16935483870968,68.16935483870968,68.16935483870968,68.16935483870968,496.7658064516129,496.7658064516129,496.7658064516129,496.7658064516129,4.57774193548387,4.57774193548387,4.57774193548387,4.57774193548387,97.74516129032257,133.69250157441746,131.75290322580645,132.05241935483872,78.50032258064518,78.50032258064518,78.50032258064518,78.50032258064518,18.638387096774192,18.638387096774192,18.638387096774192,18.638387096774192,30.52258064516129,30.52258064516129,30.52258064516129,30.52258064516129,68.54709677419355,68.54709677419355,68.54709677419355,68.54709677419355
2019-09-30,99000000000.0,64.791,96.64699999999999,73.22133333333333,34.158,54.64433333333333,37.989333333333335,35.75866666666666,95.092,33.03933333333333,51.14066666666667,28.21833333333333,109.79666666666667,41.303999999999995,319.972,199.364,,351.6465517241379,194.504,281.683,,221.09433333333334,363.252,226.34,673.0876666666667,68.79633333333332,505.7286666666667,4.745666666666667,128.16649999999998,78.71066666666667,19.113793103448273,29.639,73.56066666666668,64.791,64.791,64.791,64.791,96.64699999999999,96.64699999999999,96.64699999999999,96.64699999999999,73.22133333333333,73.22133333333333,73.22133333333333,73.22133333333333,34.158,34.158,34.158,34.158,54.64433333333333,54.64433333333333,54.64433333333333,54.64433333333333,37.989333333333335,37.989333333333335,37.989333333333335,37.989333333333335,35.75866666666666,35.75866666666666,35.75866666666666,35.75866666666666,95.092,95.092,95.092,95.092,33.03933333333333,33.03933333333333,33.03933333333333,33.03933333333333,51.14066666666667,51.14066666666667,51.14066666666667,51.14066666666667,28.21833333333333,28.21833333333333,28.21833333333333,28.21833333333333,109.79666666666667,109.79666666666667,109.79666666666667,109.79666666666667,41.303999999999995,41.303999999999995,41.303999999999995,41.303999999999995,319.972,319.972,319.972,319.972,199.364,199.364,199.364,199.364,0.0,299.755,,,339.925,351.78298140495866,349.13733333333334,350.0776666666667,194.504,194.504,194.504,194.504,281.683,281.683,281.683,281.683,0.0,428.01050000000004,167.48,193.97322736030827,221.09433333333334,221.09433333333334,221.09433333333334,221.09433333333334,363.252,363.252,363.252,363.252,226.34,226.34,226.34,226.34,673.0876666666667,673.0876666666667,673.0876666666667,673.0876666666667,68.79633333333332,68.79633333333332,68.79633333333332,68.79633333333332,505.7286666666667,505.7286666666667,505.7286666666667,505.7286666666667,4.745666666666667,4.745666666666667,4.745666666666667,4.745666666666667,85.44433333333333,131.87631453362255,128.23999999999998,128.15158333333335,78.71066666666667,78.71066666666667,78.71066666666667,78.71066666666667,18.476666666666667,19.137173611111113,19.124000000000002,19.133,29.639,29.639,29.639,29.639,73.56066666666668,73.56066666666668,73.56066666666668,73.56066666666668
2019-10-31,99000000000.0,65.37387096774194,105.63064516129033,73.69032258064516,33.54129032258064,41.942903225806454,39.16483870967742,28.851290322580645,117.88064516129033,29.429032258064513,48.60193548387097,24.838666666666665,112.57741935483871,39.263225806451615,320.06774193548387,199.5325806451613,,368.269,191.33451612903227,272.911935483871,,219.77903225806452,350.0109677419355,223.73967741935485,691.4377419354838,68.86129032258064,479.268064516129,4.910967741935484,126.24782608695651,79.54806451612903,19.425666666666665,28.86935483870968,74.48677419354838,65.37387096774194,65.37387096774194,65.37387096774194,65.37387096774194,105.63064516129033,105.63064516129033,105.63064516129033,105.63064516129033,73.69032258064516,73.69032258064516,73.69032258064516,73.69032258064516,33.54129032258064,33.54129032258064,33.54129032258064,33.54129032258064,41.942903225806454,41.942903225806454,41.942903225806454,41.942903225806454,39.16483870967742,39.16483870967742,39.16483870967742,39.16483870967742,28.851290322580645,28.851290322580645,28.851290322580645,28.851290322580645,117.88064516129033,117.88064516129033,117.88064516129033,117.88064516129033,29.429032258064513,29.429032258064513,29.429032258064513,29.429032258064513,48.60193548387097,48.60193548387097,48.60193548387097,48.60193548387097,24.037419354838708,25.336089991324236,24.859032258064516,24.84016129032258,112.57741935483871,112.57741935483871,112.57741935483871,112.57741935483871,39.263225806451615,39.263225806451615,39.263225806451615,39.263225806451615,320.06774193548387,320.06774193548387,320.06774193548387,320.06774193548387,199.5325806451613,199.5325806451613,199.5325806451613,199.5325806451613,0.0,299.755,,,356.38935483870966,367.86482071447614,365.1783870967742,367.5130645161291,191.33451612903227,191.33451612903227,191.33451612903227,191.33451612903227,272.911935483871,272.911935483871,272.911935483871,272.911935483871,0.0,428.01050000000004,167.48,209.66339113680155,219.77903225806452,219.77903225806452,219.77903225806452,219.77903225806452,350.0109677419355,350.0109677419355,350.0109677419355,350.0109677419355,223.73967741935485,223.73967741935485,223.73967741935485,223.73967741935485,691.4377419354838,691.4377419354838,691.4377419354838,691.4377419354838,68.86129032258064,68.86129032258064,68.86129032258064,68.86129032258064,479.268064516129,479.268064516129,479.268064516129,479.268064516129,4.910967741935484,4.910967741935484,4.910967741935484,4.910967741935484,93.66774193548386,129.61508221957877,126.25903225806452,126.48524193548387,79.54806451612903,79.54806451612903,79.54806451612903,79.54806451612903,18.799032258064514,19.43823252688172,19.386774193548387,19.406129032258065,28.86935483870968,28.86935483870968,28.86935483870968,28.86935483870968,74.48677419354838,74.48677419354838,74.48677419354838,74.48677419354838
2019-11-30,99000000000.0,66.38233333333334,108.10233333333333,74.16933333333333,33.76166666666667,39.75633333333334,40.43066666666667,31.461666666666666,117.73966666666666,26.040000000000003,48.568999999999996,33.13366666666666,113.74666666666667,38.646,312.8403333333333,201.73433333333332,,347.1896551724138,191.469,274.4543333333333,,214.45633333333333,390.03133333333335,241.429,670.6746666666667,71.637,506.4633333333333,5.324666666666667,129.40958333333333,79.84533333333334,19.470333333333333,28.71466666666667,76.71066666666667,66.38233333333334,66.38233333333334,66.38233333333334,66.38233333333334,108.10233333333333,108.10233333333333,108.10233333333333,108.10233333333333,74.16933333333333,74.16933333333333,74.16933333333333,74.16933333333333,33.76166666666667,33.76166666666667,33.76166666666667,33.76166666666667,39.75633333333334,39.75633333333334,39.75633333333334,39.75633333333334,40.43066666666667,40.43066666666667,40.43066666666667,40.43066666666667,31.461666666666666,31.461666666666666,31.461666666666666,31.461666666666666,117.73966666666666,117.73966666666666,117.73966666666666,117.73966666666666,26.040000000000003,26.040000000000003,26.040000000000003,26.040000000000003,48.568999999999996,48.568999999999996,48.568999999999996,48.568999999999996,33.13366666666666,33.13366666666666,33.13366666666666,33.13366666666666,113.74666666666667,113.74666666666667,113.74666666666667,113.74666666666667,38.646,38.646,38.646,38.646,312.8403333333333,312.8403333333333,312.8403333333333,312.8403333333333,201.73433333333332,201.73433333333332,201.73433333333332,201.73433333333332,0.0,299.755,,,335.6166666666667,347.4746480716254,344.68566666666663,345.3113333333333,191.469,191.469,191.469,191.469,274.4543333333333,274.4543333333333,274.4543333333333,274.4543333333333,0.0,428.01050000000004,167.48,225.3535549132948,214.45633333333333,214.45633333333333,214.45633333333333,214.45633333333333,390.03133333333335,390.03133333333335,390.03133333333335,390.03133333333335,241.429,241.429,241.429,241.429,670.6746666666667,670.6746666666667,670.6746666666667,670.6746666666667,71.637,71.637,71.637,71.637,506.4633333333333,506.4633333333333,506.4633333333333,506.4633333333333,5.324666666666667,5.324666666666667,5.324666666666667,5.324666666666667,103.52766666666666,131.3868553868402,130.323,130.1745,79.84533333333334,79.84533333333334,79.84533333333334,79.84533333333334,19.470333333333333,19.470333333333333,19.470333333333333,19.470333333333333,28.71466666666667,28.71466666666667,28.71466666666667,28.71466666666667,76.71066666666667,76.71066666666667,76.71066666666667,76.71066666666667
2019-12-31,99000000000.0,63.67032258064516,115.33387096774193,75.02451612903226,33.80290322580645,48.4483870967742,41.4241935483871,32.82967741935484,137.78806451612905,28.212903225806453,48.91677419354839,39.1341935483871,117.81935483870969,37.0958064516129,342.89064516129037,199.53096774193548,,307.0985185185185,183.0274193548387,262.8661290322581,,174.10838709677418,383.56032258064516,238.60612903225805,705.6745161290322,72.72064516129032,540.5858064516129,5.731290322580644,131.84318181818182,79.63612903225805,19.634838709677418,27.75,78.26387096774194,63.67032258064516,63.67032258064516,63.67032258064516,63.67032258064516,115.33387096774193,115.33387096774193,115.33387096774193,115.33387096774193,75.02451612903226,75.02451612903226,75.02451612903226,75.02451612903226,33.80290322580645,33.80290322580645,33.80290322580645,33.80290322580645,48.4483870967742,48.4483870967742,48.4483870967742,48.4483870967742,41.4241935483871,41.4241935483871,41.4241935483871,41.4241935483871,32.82967741935484,32.82967741935484,32.82967741935484,32.82967741935484,137.78806451612905,137.78806451612905,137.78806451612905,137.78806451612905,28.212903225806453,28.212903225806453,28.212903225806453,28.212903225806453,48.91677419354839,48.91677419354839,48.91677419354839,48.91677419354839,39.1341935483871,39.1341935483871,39.1341935483871,39.1341935483871,117.81935483870969,117.81935483870969,117.81935483870969,117.81935483870969,37.0958064516129,37.0958064516129,37.0958064516129,37.0958064516129,342.89064516129037,342.89064516129037,342.89064516129037,342.89064516129037,199.53096774193548,199.53096774193548,199.53096774193548,199.53096774193548,0.0,299.755,,,267.4729032258064,313.37476672887226,304.6983870967742,303.59564516129035,183.0274193548387,183.0274193548387,183.0274193548387,183.0274193548387,262.8661290322581,262.8661290322581,262.8661290322581,262.8661290322581,0.0,428.01050000000004,167.48,241.04371868978805,174.10838709677418,174.10838709677418,174.10838709677418,174.10838709677418,383.56032258064516,383.56032258064516,383.56032258064516,383.56032258064516,238.60612903225805,238.60612903225805,238.60612903225805,238.60612903225805,705.6745161290322,705.6745161290322,705.6745161290322,705.6745161290322,72.72064516129032,72.72064516129032,72.72064516129032,72.72064516129032,540.5858064516129,540.5858064516129,540.5858064516129,540.5858064516129,5.731290322580644,5.731290322580644,5.731290322580644,5.731290322580644,93.56612903225808,134.0068868518648,133.3141935483871,132.74193548387098,79.63612903225805,79.63612903225805,79.63612903225805,79.63612903225805,19.634838709677418,19.634838709677418,19.634838709677418,19.634838709677418,27.75,27.75,27.75,27.75,78.26387096774194,78.26387096774194,78.26387096774194,78.26387096774194
2020-01-31,99000000000.0,65.65387096774194,104.23612903225806,76.27258064516128,33.915333333333336,55.175333333333334,44.07064516129032,33.81838709677419,155.8141935483871,29.431612903225805,51.90064516129033,39.276666666666664,123.31612903225808,36.04290322580645,304.48967741935485,195.70516129032256,,274.33375,184.54064516129034,271.7583333333333,,200.4609677419355,389.7041935483871,243.21483870967742,718.8706451612903,72.81483870967743,564.1390322580645,5.730967741935483,143.0245,79.06451612903226,19.936666666666667,27.067419354838712,76.9216129032258,65.65387096774194,65.65387096774194,65.65387096774194,65.65387096774194,104.23612903225806,104.23612903225806,104.23612903225806,104.23612903225806,76.27258064516128,76.27258064516128,76.27258064516128,76.27258064516128,32.821290322580644,33.94231005553586,33.93161290322581,33.92790322580645,53.395483870967745,55.362749615975424,55.05935483870967,55.05854838709678,44.07064516129032,44.07064516129032,44.07064516129032,44.07064516129032,33.81838709677419,33.81838709677419,33.81838709677419,33.81838709677419,155.8141935483871,155.8141935483871,155.8141935483871,155.8141935483871,29.431612903225805,29.431612903225805,29.431612903225805,29.431612903225805,51.90064516129033,51.90064516129033,51.90064516129033,51.90064516129033,38.00967741935484,39.30834805584036,39.27774193548387,39.25370967741936,123.31612903225808,123.31612903225808,123.31612903225808,123.31612903225808,36.04290322580645,36.04290322580645,36.04290322580645,36.04290322580645,304.48967741935485,304.48967741935485,304.48967741935485,304.48967741935485,195.70516129032256,195.70516129032256,195.70516129032256,195.70516129032256,0.0,299.755,,,141.5916129032258,313.7236010397227,297.07516129032257,278.4990322580645,184.54064516129034,184.54064516129034,184.54064516129034,184.54064516129034,262.991935483871,271.8348398912915,272.05387096774194,272.44274193548387,0.0,428.01050000000004,167.48,256.99109826589597,200.4609677419355,200.4609677419355,200.4609677419355,200.4609677419355,389.7041935483871,389.7041935483871,389.7041935483871,389.7041935483871,243.21483870967742,243.21483870967742,243.21483870967742,243.21483870967742,718.8706451612903,718.8706451612903,718.8706451612903,718.8706451612903,72.81483870967743,72.81483870967743,72.81483870967743,72.81483870967743,564.1390322580645,564.1390322580645,564.1390322580645,564.1390322580645,5.730967741935483,5.730967741935483,5.730967741935483,5.730967741935483,92.27387096774193,141.7014638583724,141.4874193548387,142.76548387096773,79.06451612903226,79.06451612903226,79.06451612903226,79.06451612903226,19.293548387096774,19.93274865591398,19.92290322580645,19.929516129032258,27.067419354838712,27.067419354838712,27.067419354838712,27.067419354838712,76.9216129032258,76.9216129032258,76.9216129032258,76.9216129032258
2020-02-29,99000000000.0,67.20448275862068,116.73310344827587,78.26689655172413,34.61206896551724,55.46103448275862,44.81068965517241,34.932758620689654,192.76413793103447,37.43206896551724,58.56310344827586,57.339999999999996,122.83448275862068,35.109310344827584,304.3231034482759,194.42344827586206,,263.74,176.1893103448276,267.73758620689654,,204.56931034482758,383.03793103448277,239.6755172413793,703.3072413793103,74.78620689655173,565.3831034482758,5.031034482758621,138.92761904761906,79.22827586206895,20.018965517241377,28.468275862068968,78.93344827586208,67.20448275862068,67.20448275862068,67.20448275862068,67.20448275862068,116.73310344827587,116.73310344827587,116.73310344827587,116.73310344827587,78.26689655172413,78.26689655172413,78.26689655172413,78.26689655172413,34.61206896551724,34.61206896551724,34.61206896551724,34.61206896551724,55.46103448275862,55.46103448275862,55.46103448275862,55.46103448275862,44.81068965517241,44.81068965517241,44.81068965517241,44.81068965517241,34.932758620689654,34.932758620689654,34.932758620689654,34.932758620689654,192.76413793103447,192.76413793103447,192.76413793103447,192.76413793103447,37.43206896551724,37.43206896551724,37.43206896551724,37.43206896551724,58.56310344827586,58.56310344827586,58.56310344827586,58.56310344827586,57.339999999999996,57.339999999999996,57.339999999999996,57.339999999999996,122.83448275862068,122.83448275862068,122.83448275862068,122.83448275862068,35.109310344827584,35.109310344827584,35.109310344827584,35.109310344827584,304.3231034482759,304.3231034482759,304.3231034482759,304.3231034482759,194.42344827586206,194.42344827586206,194.42344827586206,194.42344827586206,0.0,299.755,,,145.51172413793103,304.98112923909946,269.85655172413794,263.2301724137931,176.1893103448276,176.1893103448276,176.1893103448276,176.1893103448276,267.73758620689654,267.73758620689654,267.73758620689654,267.73758620689654,0.0,428.0105,167.48,272.4240462427746,204.56931034482758,204.56931034482758,204.56931034482758,204.56931034482758,383.03793103448277,383.03793103448277,383.03793103448277,383.03793103448277,239.6755172413793,239.6755172413793,239.6755172413793,239.6755172413793,703.3072413793103,703.3072413793103,703.3072413793103,703.3072413793103,74.78620689655173,74.78620689655173,74.78620689655173,74.78620689655173,565.3831034482758,565.3831034482758,565.3831034482758,565.3831034482758,5.031034482758621,5.031034482758621,5.031034482758621,5.031034482758621,100.60275862068966,139.029225820929,137.97551724137932,138.5843103448276,79.22827586206895,79.22827586206895,79.22827586206895,79.22827586206895,20.018965517241377,20.018965517241377,20.018965517241377,20.018965517241377,28.468275862068968,28.468275862068968,28.468275862068968,28.468275862068968,78.93344827586208,78.93344827586208,78.93344827586208,78.93344827586208
2020-03-31,99000000000.0,70.3825806451613,113.67,79.60870967741936,33.983548387096775,58.675483870967746,48.505806451612905,35.34290322580645,162.30225806451614,38.57838709677419,62.65354838709678,44.51387096774194,127.84516129032258,36.843548387096774,341.27366666666666,200.77612903225807,,291.7708333333333,181.16064516129032,263.8090322580645,,209.97935483870967,391.92903225806447,238.74129032258062,698.1622580645161,74.35,567.4877419354839,4.790645161290322,136.96454545454546,80.35096774193549,20.488064516129032,29.387096774193548,81.7509677419355,70.3825806451613,70.3825806451613,70.3825806451613,70.3825806451613,113.67,113.67,113.67,113.67,79.60870967741936,79.60870967741936,79.60870967741936,79.60870967741936,33.983548387096775,33.983548387096775,33.983548387096775,33.983548387096775,58.675483870967746,58.675483870967746,58.675483870967746,58.675483870967746,48.505806451612905,48.505806451612905,48.505806451612905,48.505806451612905,35.34290322580645,35.34290322580645,35.34290322580645,35.34290322580645,162.30225806451614,162.30225806451614,162.30225806451614,162.30225806451614,38.57838709677419,38.57838709677419,38.57838709677419,38.57838709677419,62.65354838709678,62.65354838709678,62.65354838709678,62.65354838709678,44.51387096774194,44.51387096774194,44.51387096774194,44.51387096774194,127.84516129032258,127.84516129032258,127.84516129032258,127.84516129032258,36.843548387096774,36.843548387096774,36.843548387096774,36.843548387096774,330.2648387096774,340.2047382724802,354.69870967741934,348.0012903225807,200.77612903225807,200.77612903225807,200.77612903225807,200.77612903225807,0.0,299.755,,,112.94354838709677,330.9774000266595,302.3358064516129,289.0543548387097,181.16064516129032,181.16064516129032,181.16064516129032,181.16064516129032,263.8090322580645,263.8090322580645,263.8090322580645,263.8090322580645,0.0,428.01050000000004,167.48,287.8569942196532,209.97935483870967,209.97935483870967,209.97935483870967,209.97935483870967,391.92903225806447,391.92903225806447,391.92903225806447,391.92903225806447,238.74129032258062,238.74129032258062,238.74129032258062,238.74129032258062,698.1622580645161,698.1622580645161,698.1622580645161,698.1622580645161,74.35,74.35,74.35,74.35,567.4877419354839,567.4877419354839,567.4877419354839,567.4877419354839,4.790645161290322,4.790645161290322,4.790645161290322,4.790645161290322,48.600322580645155,138.46867329088235,137.89387096774195,135.68854838709677,80.35096774193549,80.35096774193549,80.35096774193549,80.35096774193549,20.488064516129032,20.488064516129032,20.488064516129032,20.488064516129032,29.387096774193548,29.387096774193548,29.387096774193548,29.387096774193548,81.7509677419355,81.7509677419355,81.7509677419355,81.7509677419355
2020-04-30,99000000000.0,69.17,120.14766666666667,80.20066666666666,34.98766666666667,62.63533333333333,49.330333333333336,38.173,191.37233333333333,38.10133333333333,70.79433333333333,56.61466666666667,145.30333333333334,37.81133333333333,273.6446666666667,194.44433333333333,,281.2866666666667,191.22533333333334,262.6686666666667,,208.49333333333334,390.17333333333335,241.22166666666666,714.6943333333332,75.75633333333333,567.1353333333334,5.589,132.0091304347826,81.44233333333334,20.523,27.268666666666668,82.62933333333334,69.17,69.17,69.17,69.17,120.14766666666667,120.14766666666667,120.14766666666667,120.14766666666667,80.20066666666666,80.20066666666666,80.20066666666666,80.20066666666666,34.98766666666667,34.98766666666667,34.98766666666667,34.98766666666667,62.63533333333333,62.63533333333333,62.63533333333333,62.63533333333333,49.330333333333336,49.330333333333336,49.330333333333336,49.330333333333336,38.173,38.173,38.173,38.173,191.37233333333333,191.37233333333333,191.37233333333333,191.37233333333333,38.10133333333333,38.10133333333333,38.10133333333333,38.10133333333333,70.79433333333333,70.79433333333333,70.79433333333333,70.79433333333333,56.61466666666667,56.61466666666667,56.61466666666667,56.61466666666667,145.30333333333334,145.30333333333334,145.30333333333334,145.30333333333334,37.81133333333333,37.81133333333333,37.81133333333333,37.81133333333333,273.6446666666667,273.6446666666667,273.6446666666667,273.6446666666667,194.44433333333333,194.44433333333333,194.44433333333333,194.44433333333333,0.0,299.755,,,28.128666666666668,348.29416460055097,273.1013333333333,274.95300000000003,191.22533333333334,191.22533333333334,191.22533333333334,191.22533333333334,262.6686666666667,262.6686666666667,262.6686666666667,262.6686666666667,0.0,428.01050000000004,167.48,303.54715799614644,208.49333333333334,208.49333333333334,208.49333333333334,208.49333333333334,390.17333333333335,390.17333333333335,390.17333333333335,390.17333333333335,241.22166666666666,241.22166666666666,241.22166666666666,241.22166666666666,714.6943333333332,714.6943333333332,714.6943333333332,714.6943333333332,75.75633333333333,75.75633333333333,75.75633333333333,75.75633333333333,567.1353333333334,567.1353333333334,567.1353333333334,567.1353333333334,5.589,5.589,5.589,5.589,101.20700000000001,133.70938684020246,131.32833333333332,131.99616666666668,81.44233333333334,81.44233333333334,81.44233333333334,81.44233333333334,20.523,20.523,20.523,20.523,27.268666666666668,27.268666666666668,27.268666666666668,27.268666666666668,82.62933333333334,82.62933333333334,82.62933333333334,82.62933333333334
2020-05-31,99000000000.0,69.14741935483872,116.43161290322581,79.98935483870967,35.70709677419355,62.755483870967744,49.74709677419355,42.296451612903226,150.63548387096773,47.19225806451613,68.65451612903226,51.70548387096774,134.96129032258065,38.19870967741936,277.53806451612905,202.0525806451613,,277.75,187.41774193548386,269.6074193548387,,220.90516129032258,394.46806451612906,249.9322580645161,711.7370967741934,76.96645161290323,575.2622580645161,4.9712903225806455,136.17555555555555,81.75,20.748064516129034,28.846451612903227,83.62225806451613,69.14741935483872,69.14741935483872,69.14741935483872,69.14741935483872,116.43161290322581,116.43161290322581,116.43161290322581,116.43161290322581,79.98935483870967,79.98935483870967,79.98935483870967,79.98935483870967,35.70709677419355,35.70709677419355,35.70709677419355,35.70709677419355,62.755483870967744,62.755483870967744,62.755483870967744,62.755483870967744,49.74709677419355,49.74709677419355,49.74709677419355,49.74709677419355,42.296451612903226,42.296451612903226,42.296451612903226,42.296451612903226,150.63548387096773,150.63548387096773,150.63548387096773,150.63548387096773,47.19225806451613,47.19225806451613,47.19225806451613,47.19225806451613,68.65451612903226,68.65451612903226,68.65451612903226,68.65451612903226,51.70548387096774,51.70548387096774,51.70548387096774,51.70548387096774,134.96129032258065,134.96129032258065,134.96129032258065,134.96129032258065,38.19870967741936,38.19870967741936,38.19870967741936,38.19870967741936,277.53806451612905,277.53806451612905,277.53806451612905,277.53806451612905,202.0525806451613,202.0525806451613,202.0525806451613,202.0525806451613,0.0,299.755,,,8.959677419354838,353.22365369234865,277.4474193548387,310.35603345280765,187.41774193548386,187.41774193548386,187.41774193548386,187.41774193548386,269.6074193548387,269.6074193548387,269.6074193548387,269.6074193548387,0.0,428.01050000000004,167.48,319.2373217726397,220.90516129032258,220.90516129032258,220.90516129032258,220.90516129032258,394.46806451612906,394.46806451612906,394.46806451612906,394.46806451612906,249.9322580645161,249.9322580645161,249.9322580645161,249.9322580645161,711.7370967741934,711.7370967741934,711.7370967741934,711.7370967741934,76.96645161290323,76.96645161290323,76.96645161290323,76.96645161290323,575.2622580645161,575.2622580645161,575.2622580645161,575.2622580645161,4.9712903225806455,4.9712903225806455,4.9712903225806455,4.9712903225806455,39.534838709677416,138.39002449093834,135.21290322580643,135.90596774193548,81.75,81.75,81.75,81.75,20.748064516129034,20.748064516129034,20.748064516129034,20.748064516129034,28.846451612903227,28.846451612903227,28.846451612903227,28.846451612903227,83.62225806451613,83.62225806451613,83.62225806451613,83.62225806451613
2020-06-30,99000000000.0,70.167,111.32400000000001,81.82333333333332,36.55133333333333,60.644999999999996,52.38466666666667,72.03766666666667,124.29833333333333,62.17833333333333,71.10733333333333,49.172333333333334,133.02,38.32899999999999,289.3283333333333,206.2506666666667,,330.95666666666665,181.072,259.8066666666667,,235.62366666666668,389.56266666666664,247.62,714.3936666666667,75.90166666666667,556.8273333333333,4.398,133.3375,79.873,20.944333333333336,29.616,83.90333333333334,70.167,70.167,70.167,70.167,111.32400000000001,111.32400000000001,111.32400000000001,111.32400000000001,81.82333333333332,81.82333333333332,81.82333333333332,81.82333333333332,36.55133333333333,36.55133333333333,36.55133333333333,36.55133333333333,60.644999999999996,60.644999999999996,60.644999999999996,60.644999999999996,52.38466666666667,52.38466666666667,52.38466666666667,52.38466666666667,72.03766666666667,72.03766666666667,72.03766666666667,72.03766666666667,124.29833333333333,124.29833333333333,124.29833333333333,124.29833333333333,62.17833333333333,62.17833333333333,62.17833333333333,62.17833333333333,71.10733333333333,71.10733333333333,71.10733333333333,71.10733333333333,49.172333333333334,49.172333333333334,49.172333333333334,49.172333333333334,133.02,133.02,133.02,133.02,38.32899999999999,38.32899999999999,38.32899999999999,38.32899999999999,289.3283333333333,289.3283333333333,289.3283333333333,289.3283333333333,206.2506666666667,206.2506666666667,206.2506666666667,206.2506666666667,0.0,299.755,,,33.095666666666666,353.2611646005509,375.1073333333333,379.7181463844797,181.072,181.072,181.072,181.072,259.8066666666667,259.8066666666667,259.8066666666667,259.8066666666667,0.0,428.01050000000004,167.48,334.927485549133,235.62366666666668,235.62366666666668,235.62366666666668,235.62366666666668,389.56266666666664,389.56266666666664,389.56266666666664,389.56266666666664,247.62,247.62,247.62,247.62,714.3936666666667,714.3936666666667,714.3936666666667,714.3936666666667,75.90166666666667,75.90166666666667,75.90166666666667,75.90166666666667,556.8273333333333,556.8273333333333,556.8273333333333,556.8273333333333,4.398,4.398,4.398,4.398,17.778333333333332,138.5014844540853,133.06666666666666,133.85375555555555,79.873,79.873,79.873,79.873,20.944333333333336,20.944333333333336,20.944333333333336,20.944333333333336,29.616,29.616,29.616,29.616,83.90333333333334,83.90333333333334,83.90333333333334,83.90333333333334
2020-07-31,99000000000.0,70.69483870967741,112.0425806451613,82.16290322580646,37.75032258064516,72.02709677419355,49.03290322580645,64.95935483870967,100.8483870967742,46.48258064516129,65.92032258064516,50.61,124.18709677419355,38.454193548387096,296.1741935483871,206.1441935483871,,393.2133333333333,189.64870967741933,261.38193548387096,,256.12129032258065,383.4745161290322,249.1725806451613,684.1032258064516,76.55612903225807,550.22,4.466774193548387,,82.80870967741936,21.363870967741935,28.41548387096774,78.07806451612903,70.69483870967741,70.69483870967741,70.69483870967741,70.69483870967741,112.0425806451613,112.0425806451613,112.0425806451613,112.0425806451613,82.16290322580646,82.16290322580646,82.16290322580646,82.16290322580646,37.75032258064516,37.75032258064516,37.75032258064516,37.75032258064516,72.02709677419355,72.02709677419355,72.02709677419355,72.02709677419355,49.03290322580645,49.03290322580645,49.03290322580645,49.03290322580645,64.95935483870967,64.95935483870967,64.95935483870967,64.95935483870967,100.8483870967742,100.8483870967742,100.8483870967742,100.8483870967742,46.48258064516129,46.48258064516129,46.48258064516129,46.48258064516129,65.92032258064516,65.92032258064516,65.92032258064516,65.92032258064516,50.61,50.61,50.61,50.61,124.18709677419355,124.18709677419355,124.18709677419355,124.18709677419355,38.454193548387096,38.454193548387096,38.454193548387096,38.454193548387096,296.1741935483871,296.1741935483871,296.1741935483871,296.1741935483871,206.1441935483871,206.1441935483871,206.1441935483871,206.1441935483871,0.0,299.755,,,76.10580645161289,362.99245334577444,391.9216129032258,408.8351152073733,189.64870967741933,189.64870967741933,189.64870967741933,189.64870967741933,261.38193548387096,261.38193548387096,261.38193548387096,261.38193548387096,0.0,428.01050000000004,167.48,350.61764932562625,256.12129032258065,256.12129032258065,256.12129032258065,256.12129032258065,383.4745161290322,383.4745161290322,383.4745161290322,383.4745161290322,249.1725806451613,249.1725806451613,249.1725806451613,249.1725806451613,684.1032258064516,684.1032258064516,684.1032258064516,684.1032258064516,76.55612903225807,76.55612903225807,76.55612903225807,76.55612903225807,550.22,550.22,550.22,550.22,4.466774193548387,4.466774193548387,4.466774193548387,4.466774193548387,0.0,139.29594360086767,129.02,143.012,82.80870967741936,82.80870967741936,82.80870967741936,82.80870967741936,21.363870967741935,21.363870967741935,21.363870967741935,21.363870967741935,28.41548387096774,28.41548387096774,28.41548387096774,28.41548387096774,78.07806451612903,78.07806451612903,78.07806451612903,78.07806451612903
2020-08-31,99000000000.0,69.21322580645162,108.95129032258063,83.54129032258065,37.82967741935484,65.39064516129032,52.14322580645162,39.690322580645166,95.1683870967742,41.78225806451613,63.906129032258065,43.52161290322581,109.60967741935484,40.7641935483871,305.53806451612905,213.02354838709675,,438.404,190.89870967741933,281.88838709677424,,242.70741935483872,392.3896774193548,250.71225806451613,695.3267741935484,76.50645161290322,539.3596774193549,4.70483870967742,144.46190476190475,83.69483870967741,20.54258064516129,31.24225806451613,84.23709677419355,69.21322580645162,69.21322580645162,69.21322580645162,69.21322580645162,108.95129032258063,108.95129032258063,108.95129032258063,108.95129032258063,83.54129032258065,83.54129032258065,83.54129032258065,83.54129032258065,37.82967741935484,37.82967741935484,37.82967741935484,37.82967741935484,65.39064516129032,65.39064516129032,65.39064516129032,65.39064516129032,52.14322580645162,52.14322580645162,52.14322580645162,52.14322580645162,39.690322580645166,39.690322580645166,39.690322580645166,39.690322580645166,95.1683870967742,95.1683870967742,95.1683870967742,95.1683870967742,41.78225806451613,41.78225806451613,41.78225806451613,41.78225806451613,63.906129032258065,63.906129032258065,63.906129032258065,63.906129032258065,43.52161290322581,43.52161290322581,43.52161290322581,43.52161290322581,109.60967741935484,109.60967741935484,109.60967741935484,109.60967741935484,40.7641935483871,40.7641935483871,40.7641935483871,40.7641935483871,305.53806451612905,305.53806451612905,305.53806451612905,305.53806451612905,213.02354838709675,213.02354838709675,213.02354838709675,213.02354838709675,0.0,299.755,,,70.71032258064515,369.0724353505732,442.328064516129,433.64346774193547,190.89870967741933,190.89870967741933,190.89870967741933,190.89870967741933,281.88838709677424,281.88838709677424,281.88838709677424,281.88838709677424,0.0,428.01050000000004,167.48,366.56502890173414,242.70741935483872,242.70741935483872,242.70741935483872,242.70741935483872,392.3896774193548,392.3896774193548,392.3896774193548,392.3896774193548,250.71225806451613,250.71225806451613,250.71225806451613,250.71225806451613,695.3267741935484,695.3267741935484,695.3267741935484,695.3267741935484,76.50645161290322,76.50645161290322,76.50645161290322,76.50645161290322,539.3596774193549,539.3596774193549,539.3596774193549,539.3596774193549,4.70483870967742,4.70483870967742,4.70483870967742,4.70483870967742,97.86129032258064,142.79546567769924,142.4625806451613,144.35372043010753,83.69483870967741,83.69483870967741,83.69483870967741,83.69483870967741,20.54258064516129,20.54258064516129,20.54258064516129,20.54258064516129,31.24225806451613,31.24225806451613,31.24225806451613,31.24225806451613,84.23709677419355,84.23709677419355,84.23709677419355,84.23709677419355
2020-09-30,99000000000.0,69.82366666666667,110.83300000000001,84.07633333333334,36.588,74.71833333333333,49.78633333333333,36.333,132.04866666666666,37.052,61.659,36.48433333333333,117.31,43.583999999999996,318.584,214.14433333333332,,270.21500000000003,187.67866666666666,279.9836666666667,,258.9223333333333,381.57800000000003,247.07166666666666,697.7756666666667,76.51266666666668,536.9163333333333,4.443666666666667,151.01,82.92633333333333,20.092,31.494000000000003,89.53999999999999,69.82366666666667,69.82366666666667,69.82366666666667,69.82366666666667,110.83300000000001,110.83300000000001,110.83300000000001,110.83300000000001,84.07633333333334,84.07633333333334,84.07633333333334,84.07633333333334,36.588,36.588,36.588,36.588,74.71833333333333,74.71833333333333,74.71833333333333,74.71833333333333,49.78633333333333,49.78633333333333,49.78633333333333,49.78633333333333,36.333,36.333,36.333,36.333,132.04866666666666,132.04866666666666,132.04866666666666,132.04866666666666,37.052,37.052,37.052,37.052,61.659,61.659,61.659,61.659,36.48433333333333,36.48433333333333,36.48433333333333,36.48433333333333,117.31,117.31,117.31,117.31,43.583999999999996,43.583999999999996,43.583999999999996,43.583999999999996,318.584,318.584,318.584,318.584,214.14433333333332,214.14433333333332,214.14433333333332,214.14433333333332,0.0,299.755,,,18.014333333333337,350.0378126721763,307.512,286.33496568627453,187.67866666666666,187.67866666666666,187.67866666666666,187.67866666666666,279.9836666666667,279.9836666666667,279.9836666666667,279.9836666666667,0.0,428.01050000000004,167.48,382.2551926782274,258.9223333333333,258.9223333333333,258.9223333333333,258.9223333333333,381.57800000000003,381.57800000000003,381.57800000000003,381.57800000000003,247.07166666666666,247.07166666666666,247.07166666666666,247.07166666666666,697.7756666666667,697.7756666666667,697.7756666666667,697.7756666666667,76.51266666666668,76.51266666666668,76.51266666666668,76.51266666666668,536.9163333333333,536.9163333333333,536.9163333333333,536.9163333333333,4.443666666666667,4.443666666666667,4.443666666666667,4.443666666666667,30.201999999999998,141.63875488069414,151.48333333333332,150.964141025641,82.92633333333333,82.92633333333333,82.92633333333333,82.92633333333333,20.092,20.092,20.092,20.092,31.494000000000003,31.494000000000003,31.494000000000003,31.494000000000003,89.53999999999999,89.53999999999999,89.53999999999999,89.53999999999999
2020-10-31,99000000000.0,71.23774193548387,112.52387096774193,83.4216129032258,36.983548387096775,82.5725806451613,48.09483870967742,34.59935483870967,167.44645161290322,35.899032258064516,56.94258064516129,29.901612903225807,122.66129032258064,50.24774193548387,309.65161290322584,211.20548387096773,,280.8066666666667,175.63290322580644,269.17451612903227,,240.5990322580645,379.3783870967742,249.69,687.2645161290322,76.21193548387097,554.1158064516129,4.91774193548387,147.29125,88.12129032258063,20.24741935483871,30.384193548387096,83.35741935483871,71.23774193548387,71.23774193548387,71.23774193548387,71.23774193548387,112.52387096774193,112.52387096774193,112.52387096774193,112.52387096774193,83.4216129032258,83.4216129032258,83.4216129032258,83.4216129032258,36.983548387096775,36.983548387096775,36.983548387096775,36.983548387096775,82.5725806451613,82.5725806451613,82.5725806451613,82.5725806451613,48.09483870967742,48.09483870967742,48.09483870967742,48.09483870967742,34.59935483870967,34.59935483870967,34.59935483870967,34.59935483870967,167.44645161290322,167.44645161290322,167.44645161290322,167.44645161290322,35.899032258064516,35.899032258064516,35.899032258064516,35.899032258064516,56.94258064516129,56.94258064516129,56.94258064516129,56.94258064516129,29.901612903225807,29.901612903225807,29.901612903225807,29.901612903225807,122.66129032258064,122.66129032258064,122.66129032258064,122.66129032258064,50.24774193548387,50.24774193548387,50.24774193548387,50.24774193548387,309.65161290322584,309.65161290322584,309.65161290322584,309.65161290322584,211.20548387096773,211.20548387096773,211.20548387096773,211.20548387096773,0.0,299.755,,,27.174838709677417,348.48788323113837,281.19354838709677,280.97575901328275,175.63290322580644,175.63290322580644,175.63290322580644,175.63290322580644,269.17451612903227,269.17451612903227,269.17451612903227,269.17451612903227,0.0,428.01050000000004,167.48,397.94535645472064,240.5990322580645,240.5990322580645,240.5990322580645,240.5990322580645,379.3783870967742,379.3783870967742,379.3783870967742,379.3783870967742,249.69,249.69,249.69,249.69,687.2645161290322,687.2645161290322,687.2645161290322,687.2645161290322,76.21193548387097,76.21193548387097,76.21193548387097,76.21193548387097,554.1158064516129,554.1158064516129,554.1158064516129,554.1158064516129,4.91774193548387,4.91774193548387,4.91774193548387,4.91774193548387,38.01064516129032,141.3592484780631,144.46419354838707,147.01525522864233,88.12129032258063,88.12129032258063,88.12129032258063,88.12129032258063,20.24741935483871,20.24741935483871,20.24741935483871,20.24741935483871,30.384193548387096,30.384193548387096,30.384193548387096,30.384193548387096,83.35741935483871,83.35741935483871,83.35741935483871,83.35741935483871
2020-11-30,99000000000.0,74.15,119.37266666666666,82.02199999999999,36.99133333333334,73.41366666666666,48.316,38.587666666666664,193.80233333333334,35.20166666666667,64.135,30.851333333333333,131.63,53.150666666666666,314.29133333333334,214.699,,286.702,174.99366666666668,262.129,,217.57533333333333,383.79766666666666,245.90200000000002,659.9576666666667,76.38066666666667,527.7116666666667,5.5136666666666665,164.46125,95.85100000000001,21.122333333333334,29.616666666666667,83.78766666666667,74.15,74.15,74.15,74.15,119.37266666666666,119.37266666666666,119.37266666666666,119.37266666666666,82.02199999999999,82.02199999999999,82.02199999999999,82.02199999999999,36.99133333333334,36.99133333333334,36.99133333333334,36.99133333333334,73.41366666666666,73.41366666666666,73.41366666666666,73.41366666666666,48.316,48.316,48.316,48.316,38.587666666666664,38.587666666666664,38.587666666666664,38.587666666666664,193.80233333333334,193.80233333333334,193.80233333333334,193.80233333333334,35.20166666666667,35.20166666666667,35.20166666666667,35.20166666666667,64.135,64.135,64.135,64.135,30.851333333333333,30.851333333333333,30.851333333333333,30.851333333333333,131.63,131.63,131.63,131.63,53.150666666666666,53.150666666666666,53.150666666666666,53.150666666666666,314.29133333333334,314.29133333333334,314.29133333333334,314.29133333333334,214.699,214.699,214.699,214.699,0.0,299.755,,,95.56733333333334,332.72696143250687,264.06466666666665,267.1039,174.99366666666668,174.99366666666668,174.99366666666668,174.99366666666668,262.129,262.129,262.129,262.129,0.0,428.01050000000004,167.48,413.63552023121395,217.57533333333333,217.57533333333333,217.57533333333333,217.57533333333333,383.79766666666666,383.79766666666666,383.79766666666666,383.79766666666666,245.90200000000002,245.90200000000002,245.90200000000002,245.90200000000002,659.9576666666667,659.9576666666667,659.9576666666667,659.9576666666667,76.38066666666667,76.38066666666667,76.38066666666667,76.38066666666667,527.7116666666667,527.7116666666667,527.7116666666667,527.7116666666667,5.5136666666666665,5.5136666666666665,5.5136666666666665,5.5136666666666665,43.85633333333333,146.00669197396962,161.24866666666668,163.60114285714286,95.85100000000001,95.85100000000001,95.85100000000001,95.85100000000001,21.122333333333334,21.122333333333334,21.122333333333334,21.122333333333334,29.616666666666667,29.616666666666667,29.616666666666667,29.616666666666667,83.78766666666667,83.78766666666667,83.78766666666667,83.78766666666667
2020-12-31,99000000000.0,71.55322580645162,123.46322580645162,83.99032258064516,36.023870967741935,69.56258064516129,49.921290322580646,37.28064516129032,227.76903225806453,34.400000000000006,68.61096774193548,34.95612903225806,131.0258064516129,55.05,364.0509677419355,216.98129032258063,303.62,296.1061904761905,180.28451612903226,259.11451612903227,434.47,195.12451612903226,387.54290322580647,247.70258064516128,679.1261290322581,76.66032258064516,531.1512903225806,6.3429032258064515,177.945,103.36483870967741,20.986451612903227,31.549677419354836,94.81903225806451,71.55322580645162,71.55322580645162,71.55322580645162,71.55322580645162,123.46322580645162,123.46322580645162,123.46322580645162,123.46322580645162,83.99032258064516,83.99032258064516,83.99032258064516,83.99032258064516,36.023870967741935,36.023870967741935,36.023870967741935,36.023870967741935,69.56258064516129,69.56258064516129,69.56258064516129,69.56258064516129,49.921290322580646,49.921290322580646,49.921290322580646,49.921290322580646,37.28064516129032,37.28064516129032,37.28064516129032,37.28064516129032,227.76903225806453,227.76903225806453,227.76903225806453,227.76903225806453,34.400000000000006,34.400000000000006,34.400000000000006,34.400000000000006,68.61096774193548,68.61096774193548,68.61096774193548,68.61096774193548,34.95612903225806,34.95612903225806,34.95612903225806,34.95612903225806,131.0258064516129,131.0258064516129,131.0258064516129,131.0258064516129,55.05,55.05,55.05,55.05,364.0509677419355,364.0509677419355,364.0509677419355,364.0509677419355,216.98129032258063,216.98129032258063,216.98129032258063,216.98129032258063,9.794193548387097,299.87967741935483,303.62,303.34392857142853,200.58806451612904,315.34272327379364,294.1509677419355,285.0425161290322,180.28451612903226,180.28451612903226,180.28451612903226,180.28451612903226,259.11451612903227,259.11451612903227,259.11451612903227,259.11451612903227,14.015161290322581,428.21887096774196,219.15548387096774,429.80447810192175,195.12451612903226,195.12451612903226,195.12451612903226,195.12451612903226,387.54290322580647,387.54290322580647,387.54290322580647,387.54290322580647,247.70258064516128,247.70258064516128,247.70258064516128,247.70258064516128,679.1261290322581,679.1261290322581,679.1261290322581,679.1261290322581,76.66032258064516,76.66032258064516,76.66032258064516,76.66032258064516,531.1512903225806,531.1512903225806,531.1512903225806,531.1512903225806,6.3429032258064515,6.3429032258064515,6.3429032258064515,6.3429032258064515,57.40161290322581,151.76338114897487,173.59806451612903,175.14769585253455,103.36483870967741,103.36483870967741,103.36483870967741,103.36483870967741,20.986451612903227,20.986451612903227,20.986451612903227,20.986451612903227,31.549677419354836,31.549677419354836,31.549677419354836,31.549677419354836,94.81903225806451,94.81903225806451,94.81903225806451,94.81903225806451
2021-01-31,99000000000.0,76.68129032258064,120.93741935483871,81.76483870967742,38.07322580645161,70.86322580645162,51.969032258064516,40.17225806451613,228.49064516129033,34.697741935483876,75.29,37.58290322580645,130.6225806451613,54.420967741935485,333.0706451612903,215.63290322580644,,329.2288,175.32967741935485,280.0041935483871,545.595,221.54451612903227,376.52612903225804,247.02967741935484,712.093870967742,76.36032258064516,549.8570967741936,6.180645161290323,180.83833333333334,110.62354838709678,21.875333333333334,32.252258064516134,88.11580645161291,76.68129032258064,76.68129032258064,76.68129032258064,76.68129032258064,120.93741935483871,120.93741935483871,120.93741935483871,120.93741935483871,81.76483870967742,81.76483870967742,81.76483870967742,81.76483870967742,38.07322580645161,38.07322580645161,38.07322580645161,38.07322580645161,70.86322580645162,70.86322580645162,70.86322580645162,70.86322580645162,51.969032258064516,51.969032258064516,51.969032258064516,51.969032258064516,40.17225806451613,40.17225806451613,40.17225806451613,40.17225806451613,228.49064516129033,228.49064516129033,228.49064516129033,228.49064516129033,34.697741935483876,34.697741935483876,34.697741935483876,34.697741935483876,75.29,75.29,75.29,75.29,37.58290322580645,37.58290322580645,37.58290322580645,37.58290322580645,130.6225806451613,130.6225806451613,130.6225806451613,130.6225806451613,54.420967741935485,54.420967741935485,54.420967741935485,54.420967741935485,333.0706451612903,333.0706451612903,333.0706451612903,333.0706451612903,215.63290322580644,215.63290322580644,215.63290322580644,215.63290322580644,0.0,299.755,303.62,301.301,265.50709677419354,334.35989202879233,343.39451612903224,334.71,175.32967741935485,175.32967741935485,175.32967741935485,175.32967741935485,280.0041935483871,280.0041935483871,280.0041935483871,280.0041935483871,35.19967741935484,435.5965967741936,452.7761290322581,471.17383577712616,221.54451612903227,221.54451612903227,221.54451612903227,221.54451612903227,376.52612903225804,376.52612903225804,376.52612903225804,376.52612903225804,247.02967741935484,247.02967741935484,247.02967741935484,247.02967741935484,712.093870967742,712.093870967742,712.093870967742,712.093870967742,76.36032258064516,76.36032258064516,76.36032258064516,76.36032258064516,549.8570967741936,549.8570967741936,549.8570967741936,549.8570967741936,6.180645161290323,6.180645161290323,6.180645161290323,6.180645161290323,140.00387096774193,171.45779371632494,180.65064516129033,180.25510752688172,110.62354838709678,110.62354838709678,110.62354838709678,110.62354838709678,21.169677419354837,21.808877688172043,22.116451612903226,21.983870967741936,32.252258064516134,32.252258064516134,32.252258064516134,32.252258064516134,88.11580645161291,88.11580645161291,88.11580645161291,88.11580645161291
2021-02-28,99000000000.0,74.375,122.95642857142857,83.92999999999999,39.3725,73.06142857142858,50.32071428571429,49.45428571428572,229.72178571428572,40.27571428571429,78.73964285714285,42.353571428571435,140.2,53.95464285714286,314.5435714285714,214.64607142857145,,301.5857142857143,182.15035714285713,274.37035714285713,508.2655555555556,208.62964285714287,366.02892857142854,243.5989285714286,669.2375000000001,74.24785714285714,535.5032142857143,6.846428571428571,170.2563157894737,118.09,21.9775,31.67535714285714,86.31357142857144,74.375,74.375,74.375,74.375,122.95642857142857,122.95642857142857,122.95642857142857,122.95642857142857,83.92999999999999,83.92999999999999,83.92999999999999,83.92999999999999,39.3725,39.3725,39.3725,39.3725,73.06142857142858,73.06142857142858,73.06142857142858,73.06142857142858,50.32071428571429,50.32071428571429,50.32071428571429,50.32071428571429,49.45428571428572,49.45428571428572,49.45428571428572,49.45428571428572,229.72178571428572,229.72178571428572,229.72178571428572,229.72178571428572,40.27571428571429,40.27571428571429,40.27571428571429,40.27571428571429,78.73964285714285,78.73964285714285,78.73964285714285,78.73964285714285,42.353571428571435,42.353571428571435,42.353571428571435,42.353571428571435,140.2,140.2,140.2,140.2,53.95464285714286,53.95464285714286,53.95464285714286,53.95464285714286,314.5435714285714,314.5435714285714,314.5435714285714,314.5435714285714,214.64607142857145,214.64607142857145,214.64607142857145,214.64607142857145,0.0,299.755,303.62,298.04335714285713,301.5857142857143,301.5857142857143,301.5857142857143,301.5857142857143,182.15035714285713,182.15035714285713,182.15035714285713,182.15035714285713,274.37035714285713,274.37035714285713,274.37035714285713,274.37035714285713,163.37107142857144,453.80676785714286,552.1125,535.3967678571429,208.62964285714287,208.62964285714287,208.62964285714287,208.62964285714287,366.02892857142854,366.02892857142854,366.02892857142854,366.02892857142854,243.5989285714286,243.5989285714286,243.5989285714286,243.5989285714286,669.2375000000001,669.2375000000001,669.2375000000001,669.2375000000001,74.24785714285714,74.24785714285714,74.24785714285714,74.24785714285714,535.5032142857143,535.5032142857143,535.5032142857143,535.5032142857143,6.846428571428571,6.846428571428571,6.846428571428571,6.846428571428571,115.53107142857142,160.30476758599318,170.895,169.0663095238095,118.09,118.09,118.09,118.09,21.9775,21.9775,21.9775,21.9775,31.67535714285714,31.67535714285714,31.67535714285714,31.67535714285714,86.31357142857144,86.31357142857144,86.31357142857144,86.31357142857144
2021-03-31,99000000000.0,76.89645161290322,126.80000000000001,84.59064516129033,38.31838709677419,76.83290322580646,47.89032258064516,53.28967741935484,203.6451612903226,47.329354838709676,85.61709677419356,47.46032258064516,142.81612903225806,54.29838709677419,361.284,215.05774193548388,295.89,324.9937037037037,193.37290322580645,276.77354838709675,452.22,199.17129032258066,384.59161290322584,243.6241935483871,664.3851612903226,74.87870967741935,554.7006451612904,7.789354838709677,174.28478260869565,120.38612903225805,21.58967741935484,32.50064516129032,84.95935483870969,76.89645161290322,76.89645161290322,76.89645161290322,76.89645161290322,126.80000000000001,126.80000000000001,126.80000000000001,126.80000000000001,84.59064516129033,84.59064516129033,84.59064516129033,84.59064516129033,38.31838709677419,38.31838709677419,38.31838709677419,38.31838709677419,76.83290322580646,76.83290322580646,76.83290322580646,76.83290322580646,47.89032258064516,47.89032258064516,47.89032258064516,47.89032258064516,53.28967741935484,53.28967741935484,53.28967741935484,53.28967741935484,203.6451612903226,203.6451612903226,203.6451612903226,203.6451612903226,47.329354838709676,47.329354838709676,47.329354838709676,47.329354838709676,85.61709677419356,85.61709677419356,85.61709677419356,85.61709677419356,47.46032258064516,47.46032258064516,47.46032258064516,47.46032258064516,142.81612903225806,142.81612903225806,142.81612903225806,142.81612903225806,54.29838709677419,54.29838709677419,54.29838709677419,54.29838709677419,349.62967741935483,359.5695769821576,376.08870967741933,368.13516129032257,215.05774193548388,215.05774193548388,215.05774193548388,215.05774193548388,9.54483870967742,299.63032258064516,297.1367741935484,295.9434331797235,283.0590322580645,328.96089576113036,334.87225806451613,331.93612903225807,193.37290322580645,193.37290322580645,193.37290322580645,193.37290322580645,276.77354838709675,276.77354838709675,276.77354838709675,276.77354838709675,58.350967741935484,431.13430645161293,485.3974193548387,466.614435483871,199.17129032258066,199.17129032258066,199.17129032258066,199.17129032258066,384.59161290322584,384.59161290322584,384.59161290322584,384.59161290322584,243.6241935483871,243.6241935483871,243.6241935483871,243.6241935483871,664.3851612903226,664.3851612903226,664.3851612903226,664.3851612903226,74.87870967741935,74.87870967741935,74.87870967741935,74.87870967741935,554.7006451612904,554.7006451612904,554.7006451612904,554.7006451612904,7.789354838709677,7.789354838709677,7.789354838709677,7.789354838709677,129.30806451612904,165.2554048002239,174.46354838709678,174.4843548387097,120.38612903225805,120.38612903225805,120.38612903225805,120.38612903225805,21.58967741935484,21.58967741935484,21.58967741935484,21.58967741935484,32.50064516129032,32.50064516129032,32.50064516129032,32.50064516129032,84.95935483870969,84.95935483870969,84.95935483870969,84.95935483870969
